{
  "id": "5fe18346-50a2-4320-a70a-b6c55ba578ce",
  "name": "LoveBot",
  "description": null,
  "default_flow": "Default",
  "flows": [
    {
      "name": "Default",
      "description": "Simple barebones flow. Code your own chatbot from this template!",
      "commands": []
    },
    {
      "name": "OffensiveBot",
      "description": "Simple barebones flow. Code your own chatbot from this template!",
      "commands": []
    },
    {
      "name": "randomGiF",
      "description": "Simple barebones flow. Code your own chatbot from this template!",
      "commands": []
    }
  ],
  "files": [],
  "functions": [],
  "apps": []
}