{
  "id": "781a0821-7f00-448c-982d-1b768a7a05e3",
  "name": "LastBot",
  "description": null,
  "default_flow": "Default",
  "flows": [
    {
      "name": "arbres",
      "description": "Simple barebones flow. Code your own chatbot from this template!",
      "commands": []
    },
    {
      "name": "Default",
      "description": "Simple barebones flow. Code your own chatbot from this template!",
      "commands": []
    },
    {
      "name": "FemmesIllustres",
      "description": "Simple barebones flow. Code your own chatbot from this template!",
      "commands": []
    },
    {
      "name": "OffensiveBot",
      "description": "Simple barebones flow. Code your own chatbot from this template!",
      "commands": []
    },
    {
      "name": "randomGiF",
      "description": "Simple barebones flow. Code your own chatbot from this template!",
      "commands": []
    },
    {
      "name": "weather",
      "description": "Simple barebones flow. Code your own chatbot from this template!",
      "commands": []
    }
  ],
  "files": [],
  "functions": [],
  "apps": []
}